ID,Type,SKU,Name,Published,"Is featured?","Visibility in catalog","Short description",Description,"Tax status","Tax class","In stock?",Stock,"Backorders allowed?","Sold individually?","Weight (kg)","Length (cm)","Width (cm)","Height (cm)","Allow customer reviews?","Purchase note","Sale price","Regular price",Categories,Tags,"Shipping class",Images,"Download limit","Download expiry days",Parent,"Grouped products",Upsells,Cross-sells,"External URL","Button text",Position,"Attribute 1 name","Attribute 1 value(s)","Attribute 1 visible","Attribute 1 global","Attribute 1 default"
1,simple,BVL-GARDEN-HOUSE,House,1,0,visible,"Romaine lettuce, tomatoes, cucumbers, carrots & red onions with oil & vinegar","Romaine lettuce, tomatoes, cucumbers, carrots & red onions with oil & vinegar",taxable,,1,,,,,,,,,1,,,7.95,"From The Garden",,,assets/photos/menu/garden-house.jpg,,,,,,,,,0
2,simple,BVL-GARDEN-GREEK,Greek,1,0,visible,"Romaine lettuce, tomatoes, cucumbers, olives, red onions & feta cheese with greek vinaigrette","Romaine lettuce, tomatoes, cucumbers, olives, red onions & feta cheese with greek vinaigrette",taxable,,1,,,,,,,,,1,,,9.95,"From The Garden",,,assets/photos/menu/garden-greek.jpg,,,,,,,,,1
3,simple,BVL-GARDEN-CAESAR,Caesar,1,0,visible,"Romaine lettuce with our freshly made Caesar dressing, parmesan cheese & croûtons","Romaine lettuce with our freshly made Caesar dressing, parmesan cheese & croûtons",taxable,,1,,,,,,,,,1,,,7.95,"From The Garden",,,assets/photos/menu/garden-caesar.jpg,,,,,,,,,2
4,simple,BVL-GARDEN-SPINACH,"Baby Spinach",1,0,visible,"Spinach, strawberries, walnuts & goat cheese with balsamic vinaigrette","Spinach, strawberries, walnuts & goat cheese with balsamic vinaigrette",taxable,,1,,,,,,,,,1,,,9.95,"From The Garden",,,assets/photos/menu/garden-spinach.jpg,,,,,,,,,3
5,simple,BVL-GARDEN-ARUGULA,Arugula,1,0,visible,"Roasted red peppers, red onions, Parmesan cheese, with balsamic glaze","Roasted red peppers, red onions, Parmesan cheese, with balsamic glaze",taxable,,1,,,,,,,,,1,,,9.95,"From The Garden",,,assets/photos/menu/garden-arugula.jpg,,,,,,,,,4
6,simple,BVL-GARDEN-COBB,Cobb,1,0,visible,"Mixed greens, tomatoes, cucumbers, boiled egg, crumbled blue cheese, bacon, & avocado with balsamic vinaigrette","Mixed greens, tomatoes, cucumbers, boiled egg, crumbled blue cheese, bacon, & avocado with balsamic vinaigrette",taxable,,1,,,,,,,,,1,,,9.95,"From The Garden",,,assets/photos/menu/garden-cobb.jpg,,,,,,,,,5
7,simple,BVL-GARDEN-MIXED-GREENS,"Mixed Greens",1,0,visible,"Tomato, onion, cucumber, carrots & fresh mozzarella with raspberry vinaigrette","Tomato, onion, cucumber, carrots & fresh mozzarella with raspberry vinaigrette",taxable,,1,,,,,,,,,1,,,9.95,"From The Garden",,,assets/photos/menu/garden-mixed-greens.jpg,,,,,,,,,6
8,variable,BVL-STARTERS-WINGS,"Homemade Wings",1,0,visible,"Choice of bone-in or boneless (white meat) served with carrots, celery; buffalo, teriyaki, BBQ or sweet chili","Choice of bone-in or boneless (white meat) served with carrots, celery; buffalo, teriyaki, BBQ or sweet chili",taxable,,1,,,,,,,,,1,,,,Starters,,,assets/photos/menu/starters-wings.jpg,,,,,,,,,7,Count,"6 | 12",1,0,
,variation,BVL-STARTERS-WINGS-6,"Homemade Wings",1,0,visible,,,taxable,,1,,,,,,,,,0,,,8.95,,,,,,,,BVL-STARTERS-WINGS,,,,,,,Count,6,0,0,
,variation,BVL-STARTERS-WINGS-12,"Homemade Wings",1,0,visible,,,taxable,,1,,,,,,,,,0,,,14.95,,,,,,,,BVL-STARTERS-WINGS,,,,,,,Count,12,0,0,
9,simple,BVL-STARTERS-MOZZARELLA-STICKS,"Mozzarella Sticks",1,0,visible,"Golden-fried & served with marinara sauce","Golden-fried & served with marinara sauce",taxable,,1,,,,,,,,,1,,,7.95,Starters,,,assets/photos/menu/starters-mozzarella-sticks.jpg,,,,,,,,,8
10,simple,BVL-STARTERS-FRIED-CALAMARI,"Fried Calamari",1,0,visible,"Choice of spicy or sweet marinara","Choice of spicy or sweet marinara",taxable,,1,,,,,,,,,1,,,10.95,Starters,,,assets/photos/menu/starters-fried-calamari.jpg,,,,,,,,,9
11,simple,BVL-STARTERS-MAC-BITES,"Mac & Cheese Bites",1,0,visible,"Golden-fried & served with marinara sauce","Golden-fried & served with marinara sauce",taxable,,1,,,,,,,,,1,,,7.95,Starters,,,assets/photos/menu/starters-mac-bites.jpg,,,,,,,,,10
12,simple,BVL-STARTERS-HUMMUS,Hummus,1,0,visible,"Homemade blended chick peas, lemon & tahini (pita or veggie)","Homemade blended chick peas, lemon & tahini (pita or veggie)",taxable,,1,,,,,,,,,1,,,7.95,Starters,,,assets/photos/menu/starters-hummus.jpg,,,,,,,,,11
13,simple,BVL-STARTERS-FALAFEL,Falafel,1,0,visible,"Ground mix of chick peas, onion, garlic & parsley with our secret spices","Ground mix of chick peas, onion, garlic & parsley with our secret spices",taxable,,1,,,,,,,,,1,,,7.95,Starters,,,assets/photos/menu/starters-falafel.jpg,,,,,,,,,12
14,simple,BVL-STARTERS-DUMPLINGS,"Teriyaki Dumplings",1,0,visible,"Fried chicken dumplings served with teriyaki sauce","Fried chicken dumplings served with teriyaki sauce",taxable,,1,,,,,,,,,1,,,7.95,Starters,,,assets/photos/menu/starters-dumplings.jpg,,,,,,,,,13
15,simple,BVL-STARTERS-BUFFALO-MAC,"Buffalo Chicken Mac & Cheese",1,0,visible,,,taxable,,1,,,,,,,,,1,,,9.95,Starters,,,assets/photos/menu/starters-buffalo-mac.jpg,,,,,,,,,14
16,simple,BVL-STARTERS-NUGGETS,"Chicken Nuggets & Fries",1,0,visible,"6 chicken nuggets with sauce","6 chicken nuggets with sauce",taxable,,1,,,,,,,,,1,,,7.95,Starters,,,assets/photos/menu/starters-nuggets.jpg,,,,,,,,,15
17,simple,BVL-STARTERS-TENDERS,"Chicken Tenders",1,0,visible,"5 chicken tenders with fries & sauce","5 chicken tenders with fries & sauce",taxable,,1,,,,,,,,,1,,,7.95,Starters,,,assets/photos/menu/starters-tenders.jpg,,,,,,,,,16
18,simple,BVL-STARTERS-RICE,Rice,1,0,visible,,,taxable,,1,,,,,,,,,1,,,3.95,Starters,,,assets/photos/menu/starters-rice.jpg,,,,,,,,,17
19,simple,BVL-STARTERS-SWEET-POTATO-FRIES,"Sweet Potato Fries",1,0,visible,,,taxable,,1,,,,,,,,,1,,,3.95,Starters,,,assets/photos/menu/starters-sweet-potato-fries.jpg,,,,,,,,,18
20,simple,BVL-STARTERS-FRENCH-FRIES,"French Fries",1,0,visible,,,taxable,,1,,,,,,,,,1,,,3.95,Starters,,,assets/photos/menu/starters-french-fries.jpg,,,,,,,,,19
21,simple,BVL-STARTERS-DISCO-FRIES,"Disco Fries",1,0,visible,,,taxable,,1,,,,,,,,,1,,,6.95,Starters,,,assets/photos/menu/starters-disco-fries.jpg,,,,,,,,,20
22,simple,BVL-STARTERS-ONION-RINGS,"Onion Rings",1,0,visible,,,taxable,,1,,,,,,,,,1,,,5.95,Starters,,,assets/photos/menu/starters-onion-rings.jpg,,,,,,,,,21
23,simple,BVL-STARTERS-SAUTEED-VEGGIE,"Sautéed Veggie",1,0,visible,,,taxable,,1,,,,,,,,,1,,,4.95,Starters,,,assets/photos/menu/starters-sauteed-veggie.jpg,,,,,,,,,22
24,simple,BVL-SHAKES-MILKSHAKE,Milkshake,1,0,visible,"NutterButter, Cookies & Cream, Chocolate, Vanilla, Strawberry","NutterButter, Cookies & Cream, Chocolate, Vanilla, Strawberry",taxable,,1,,,,,,,,,1,,,4.95,Shakes,,,assets/photos/menu/shakes-milkshake.jpg,,,,,,,,,23
25,simple,BVL-BURGERS-CLASSIC,Classic,1,0,visible,"With lettuce, tomato & onion","With lettuce, tomato & onion",taxable,,1,,,,,,,,,1,,,9.95,Burgers,,,assets/photos/menu/burgers-classic.jpg,,,,,,,,,24
26,simple,BVL-BURGERS-CHEESE-DELUXE,"Cheese Deluxe",1,0,visible,"With lettuce, tomato, onion & American cheese","With lettuce, tomato, onion & American cheese",taxable,,1,,,,,,,,,1,,,10.95,Burgers,,,assets/photos/menu/burgers-cheese-deluxe.jpg,,,,,,,,,25
27,simple,BVL-BURGERS-THE-FRY,"The Fry",1,0,visible,"Breaded chicken cutlet, coleslaw & pickles with fry sauce","Breaded chicken cutlet, coleslaw & pickles with fry sauce",taxable,,1,,,,,,,,,1,,,10.95,Burgers,,,assets/photos/menu/burgers-the-fry.jpg,,,,,,,,,26
28,simple,BVL-BURGERS-BOOM-BOOM,"Boom Boom",1,0,visible,"Naked (no bun) lettuce, tomato, avocado, bacon & boom-boom sauce","Naked (no bun) lettuce, tomato, avocado, bacon & boom-boom sauce",taxable,,1,,,,,,,,,1,,,11.95,Burgers,,,assets/photos/menu/burgers-boom-boom.jpg,,,,,,,,,27
29,simple,BVL-BURGERS-CHETZEL,Chetzel,1,0,visible,"Bacon, melted cheddar & jack cheese served on toasted pretzel bun","Bacon, melted cheddar & jack cheese served on toasted pretzel bun",taxable,,1,,,,,,,,,1,,,12.95,Burgers,,,assets/photos/menu/burgers-chetzel.jpg,,,,,,,,,28
30,simple,BVL-BURGERS-SHROOM,Shroom,1,0,visible,"Sautéed mushrooms & onions with swiss","Sautéed mushrooms & onions with swiss",taxable,,1,,,,,,,,,1,,,10.95,Burgers,,,assets/photos/menu/burgers-shroom.jpg,,,,,,,,,29
31,simple,BVL-BURGERS-FALAFEL,"Falafel Burger",1,0,visible,"Lettuce, tomato, & pickle with tahini sauce","Lettuce, tomato, & pickle with tahini sauce",taxable,,1,,,,,,,,,1,,,9.95,Burgers,,,assets/photos/menu/burgers-falafel.jpg,,,,,,,,,30
32,simple,BVL-WRAPS-CHICKEN-CAESAR,"Grilled Chicken Caesar",1,0,visible,"Romaine lettuce, Parmesan cheese & homemade creamy Caesar dressing","Romaine lettuce, Parmesan cheese & homemade creamy Caesar dressing",taxable,,1,,,,,,,,,1,,,9.95,"Wrap & Roll",,,assets/photos/menu/wraps-chicken-caesar.jpg,,,,,,,,,31
33,simple,BVL-WRAPS-BUFFALO-CHICKEN,"Buffalo Chicken",1,0,visible,"Breaded chicken tossed in buffalo sauce with lettuce, tomato & blue cheese","Breaded chicken tossed in buffalo sauce with lettuce, tomato & blue cheese",taxable,,1,,,,,,,,,1,,,9.95,"Wrap & Roll",,,assets/photos/menu/wraps-buffalo-chicken.jpg,,,,,,,,,32
34,simple,BVL-WRAPS-GYRO,Gyro,1,0,visible,"Choice of thinly sliced chicken or lamb with lettuce, tomato & onion with tzatziki sauce on pita wrap","Choice of thinly sliced chicken or lamb with lettuce, tomato & onion with tzatziki sauce on pita wrap",taxable,,1,,,,,,,,,1,,,9.95,"Wrap & Roll",,,assets/photos/menu/wraps-gyro.jpg,,,,,,,,,33
35,simple,BVL-WRAPS-SHAWARMA,Shawarma,1,0,visible,"Thinly sliced chicken grilled to perfection, with lettuce, tomato, onion & garlic sauce","Thinly sliced chicken grilled to perfection, with lettuce, tomato, onion & garlic sauce",taxable,,1,,,,,,,,,1,,,9.95,"Wrap & Roll",,,assets/photos/menu/wraps-shawarma.jpg,,,,,,,,,34
36,simple,BVL-WRAPS-FALAFEL,Falafel,1,0,visible,"Lettuce, tomato, tahini & hummus on pita wrap","Lettuce, tomato, tahini & hummus on pita wrap",taxable,,1,,,,,,,,,1,,,8.95,"Wrap & Roll",,,assets/photos/menu/wraps-falafel.jpg,,,,,,,,,35
37,simple,BVL-WRAPS-KEBAB,Kebab,1,0,visible,"Chicken with lettuce, tomato & onion, garlic sauce on pita wrap","Chicken with lettuce, tomato & onion, garlic sauce on pita wrap",taxable,,1,,,,,,,,,1,,,9.95,"Wrap & Roll",,,assets/photos/menu/wraps-kebab.jpg,,,,,,,,,36
38,simple,BVL-WRAPS-MILANESE,"Chicken Milanese",1,0,visible,"Breaded chicken, mozzarella cheese, arugula, roasted red peppers, red onions with balsamic vinaigrette","Breaded chicken, mozzarella cheese, arugula, roasted red peppers, red onions with balsamic vinaigrette",taxable,,1,,,,,,,,,1,,,9.95,"Wrap & Roll",,,assets/photos/menu/wraps-milanese.jpg,,,,,,,,,37
39,simple,BVL-WRAPS-HONEY-CHICKEN,"Honey Chicken",1,0,visible,"Breaded chicken, lettuce, tomato & crispy bacon with honey mustard","Breaded chicken, lettuce, tomato & crispy bacon with honey mustard",taxable,,1,,,,,,,,,1,,,9.95,"Wrap & Roll",,,assets/photos/menu/wraps-honey-chicken.jpg,,,,,,,,,38
40,simple,BVL-PASTA-PENNE-VODKA,"Penne Alla Vodka",1,0,visible,"Penne pasta tossed in a creamy pink sauce (try it spicy)","Penne pasta tossed in a creamy pink sauce (try it spicy)",taxable,,1,,,,,,,,,1,,,13.95,Pastabilities,,,assets/photos/menu/pasta-penne-vodka.jpg,,,,,,,,,39
41,simple,BVL-PASTA-BOLOGNESE,"Pasta Bolognese",1,0,visible,"Diced onions, fresh garlic & ground beef, sautéed then cooked in our homemade marinara sauce & touch of cream","Diced onions, fresh garlic & ground beef, sautéed then cooked in our homemade marinara sauce & touch of cream",taxable,,1,,,,,,,,,1,,,15.95,Pastabilities,,,assets/photos/menu/pasta-bolognese.jpg,,,,,,,,,40
42,simple,BVL-PASTA-MARINARA,"Pasta Marinara",1,0,visible,"Penne pasta with our homemade marinara sauce","Penne pasta with our homemade marinara sauce",taxable,,1,,,,,,,,,1,,,9.95,Pastabilities,,,assets/photos/menu/pasta-marinara.jpg,,,,,,,,,41
43,simple,BVL-PASTA-CAJUN-ALFREDO,"Cajun Alfredo",1,0,visible,"Roasted red peppers and bacon sautéed then tossed in a creamy alfredo sauce","Roasted red peppers and bacon sautéed then tossed in a creamy alfredo sauce",taxable,,1,,,,,,,,,1,,,14.95,Pastabilities,,,assets/photos/menu/pasta-cajun-alfredo.jpg,,,,,,,,,42
44,simple,BVL-PASTA-TORTELLINI-LEO,"Tortellini Leo",1,0,visible,"Tricolor cheese tortellini pasta, sun-dried tomatoes, fresh spinach & fresh garlic sautéed in creamy pink vodka sauce topped with pecorino cheese","Tricolor cheese tortellini pasta, sun-dried tomatoes, fresh spinach & fresh garlic sautéed in creamy pink vodka sauce topped with pecorino cheese",taxable,,1,,,,,,,,,1,,,14.95,Pastabilities,,,assets/photos/menu/pasta-tortellini-leo.jpg,,,,,,,,,43
45,simple,BVL-CHEESESTEAK-PHILLY,"Philly Cheesesteak",1,0,visible,"Shredded steak, onions, peppers with American cheese","Shredded steak, onions, peppers with American cheese",taxable,,1,,,,,,,,,1,,,9.95,Cheesesteak,,,assets/photos/menu/cheesesteak-philly.jpg,,,,,,,,,44
46,simple,BVL-CHEESESTEAK-JERSEY,"Jersey Cheesesteak",1,0,visible,"With brown gravy potatoes & mozzarella cheese","With brown gravy potatoes & mozzarella cheese",taxable,,1,,,,,,,,,1,,,10.95,Cheesesteak,,,assets/photos/menu/cheesesteak-jersey.jpg,,,,,,,,,45
47,simple,BVL-CHEESESTEAK-CALIFORNIA,"California Cheesesteak",1,0,visible,"With lettuce, tomato, mayonnaise & American cheese","With lettuce, tomato, mayonnaise & American cheese",taxable,,1,,,,,,,,,1,,,10.95,Cheesesteak,,,assets/photos/menu/cheesesteak-california.jpg,,,,,,,,,46
48,simple,BVL-CHEESESTEAK-CHICKEN,"Chicken Cheesesteak",1,0,visible,"Thinly sliced chicken breast, sautéed mushrooms, peppers, onions & American cheese","Thinly sliced chicken breast, sautéed mushrooms, peppers, onions & American cheese",taxable,,1,,,,,,,,,1,,,9.95,Cheesesteak,,,assets/photos/menu/cheesesteak-chicken.jpg,,,,,,,,,47
49,simple,BVL-SANDWICHES-CHICKEN-PARM,"Chicken Parmesan",1,0,visible,"Try it with pink vodka sauce +1","Try it with pink vodka sauce +1",taxable,,1,,,,,,,,,1,,,10.95,Sandwiches,,,assets/photos/menu/sandwiches-chicken-parm.jpg,,,,,,,,,48
50,simple,BVL-SANDWICHES-MEATBALL-PARM,"Meatball Parmesan",1,0,visible,,,taxable,,1,,,,,,,,,1,,,10.95,Sandwiches,,,assets/photos/menu/sandwiches-meatball-parm.jpg,,,,,,,,,49
51,simple,BVL-SANDWICHES-FRIED-CHICKEN,"Buttermilk Fried Chicken Sandwich",1,0,visible,"With lettuce, tomato & onion","With lettuce, tomato & onion",taxable,,1,,,,,,,,,1,,,10.95,Sandwiches,,,assets/photos/menu/sandwiches-fried-chicken.jpg,,,,,,,,,50
52,simple,BVL-SANDWICHES-GRILLED-CHICKEN,"Grilled Chicken",1,0,visible,"Lettuce, tomato & mayo","Lettuce, tomato & mayo",taxable,,1,,,,,,,,,1,,,9.95,Sandwiches,,,assets/photos/menu/sandwiches-grilled-chicken.jpg,,,,,,,,,51
53,simple,BVL-SANDWICHES-REUBEN,"Pastrami Reuben",1,0,visible,"Sliced pastrami, sauerkraut, Russian dressing & Swiss cheese on rye toast","Sliced pastrami, sauerkraut, Russian dressing & Swiss cheese on rye toast",taxable,,1,,,,,,,,,1,,,10.95,Sandwiches,,,assets/photos/menu/sandwiches-reuben.jpg,,,,,,,,,52
54,simple,BVL-SANDWICHES-BUFFALO-CHICKEN,"Buffalo Chicken",1,0,visible,"Lettuce, tomato & blue cheese","Lettuce, tomato & blue cheese",taxable,,1,,,,,,,,,1,,,10.95,Sandwiches,,,assets/photos/menu/sandwiches-buffalo-chicken.jpg,,,,,,,,,53
55,simple,BVL-SANDWICHES-ITALIAN-HOT-DOG,"Italian Hot Dog",1,0,visible,"Sliced hot dog, potatoes, peppers, onions","Sliced hot dog, potatoes, peppers, onions",taxable,,1,,,,,,,,,1,,,9.95,Sandwiches,,,assets/photos/menu/sandwiches-italian-hot-dog.jpg,,,,,,,,,54
56,simple,BVL-SANDWICHES-HOT-PASTRAMI,"Hot Pastrami",1,0,visible,"Sliced pastrami, Swiss cheese & mustard on rye bread","Sliced pastrami, Swiss cheese & mustard on rye bread",taxable,,1,,,,,,,,,1,,,10.95,Sandwiches,,,assets/photos/menu/sandwiches-hot-pastrami.jpg,,,,,,,,,55
57,simple,BVL-SANDWICHES-TUNA-MELT,"Tuna Melt",1,0,visible,"Solid white tuna with mayo & melted American cheese, served on white toast","Solid white tuna with mayo & melted American cheese, served on white toast",taxable,,1,,,,,,,,,1,,,9.95,Sandwiches,,,assets/photos/menu/sandwiches-tuna-melt.jpg,,,,,,,,,56
58,simple,BVL-SANDWICHES-TURKEY-CLUB,"Turkey Club",1,0,visible,"Turkey, bacon, lettuce, tomato & mayo on white toast","Turkey, bacon, lettuce, tomato & mayo on white toast",taxable,,1,,,,,,,,,1,,,9.95,Sandwiches,,,assets/photos/menu/sandwiches-turkey-club.jpg,,,,,,,,,57
59,simple,BVL-PANINI-CHIPOTLE-CHICKEN,"Chipotle Chicken",1,0,visible,"Char-grilled chicken, avocado & pepper jack cheese with homemade chipotle mayo","Char-grilled chicken, avocado & pepper jack cheese with homemade chipotle mayo",taxable,,1,,,,,,,,,1,,,9.95,Panini,,,assets/photos/menu/panini-chipotle-chicken.jpg,,,,,,,,,58
60,simple,BVL-PANINI-CHICKEN,Chicken,1,0,visible,"Char-grilled chicken, roasted peppers & mozzarella cheese with balsamic glaze","Char-grilled chicken, roasted peppers & mozzarella cheese with balsamic glaze",taxable,,1,,,,,,,,,1,,,9.95,Panini,,,assets/photos/menu/panini-chicken.jpg,,,,,,,,,59
61,simple,BVL-PANINI-VEGGIE,Veggie,1,0,visible,"Grilled eggplant, roasted red peppers & mozzarella cheese with balsamic glaze","Grilled eggplant, roasted red peppers & mozzarella cheese with balsamic glaze",taxable,,1,,,,,,,,,1,,,9.95,Panini,,,assets/photos/menu/panini-veggie.jpg,,,,,,,,,60
62,simple,BVL-PANINI-MILANO,Milano,1,0,visible,"Char-grilled chicken, pesto, roasted peppers, arugula & melted mozzarella cheese","Char-grilled chicken, pesto, roasted peppers, arugula & melted mozzarella cheese",taxable,,1,,,,,,,,,1,,,10.95,Panini,,,assets/photos/menu/panini-milano.jpg,,,,,,,,,61
63,simple,BVL-PANINI-TURKEY,Turkey,1,0,visible,"Oven-roasted turkey, roasted peppers & mozzarella cheese with balsamic glaze","Oven-roasted turkey, roasted peppers & mozzarella cheese with balsamic glaze",taxable,,1,,,,,,,,,1,,,9.95,Panini,,,assets/photos/menu/panini-turkey.jpg,,,,,,,,,62
64,variable,BVL-PIZZA-CLASSIC,"Regular Classic Pizza",1,0,visible,,,taxable,,1,,,,,,,,,1,,,,"Stone Oven Baked",,,assets/photos/menu/pizza-classic.jpg,,,,,,,,,63,Size,"12"" | 16""",1,0,
,variation,BVL-PIZZA-CLASSIC-12,"Regular Classic Pizza",1,0,visible,,,taxable,,1,,,,,,,,,0,,,9.95,,,,,,,,BVL-PIZZA-CLASSIC,,,,,,,Size,"12""",0,0,
,variation,BVL-PIZZA-CLASSIC-16,"Regular Classic Pizza",1,0,visible,,,taxable,,1,,,,,,,,,0,,,14.95,,,,,,,,BVL-PIZZA-CLASSIC,,,,,,,Size,"16""",0,0,
65,variable,BVL-PIZZA-MARGHERITA,Margherita,1,0,visible,"Fresh mozzarella, fresh basil & pizza sauce","Fresh mozzarella, fresh basil & pizza sauce",taxable,,1,,,,,,,,,1,,,,"Stone Oven Baked",,,assets/photos/menu/pizza-margherita.jpg,,,,,,,,,64,Size,"12"" | 16""",1,0,
,variation,BVL-PIZZA-MARGHERITA-12,Margherita,1,0,visible,,,taxable,,1,,,,,,,,,0,,,13.95,,,,,,,,BVL-PIZZA-MARGHERITA,,,,,,,Size,"12""",0,0,
,variation,BVL-PIZZA-MARGHERITA-16,Margherita,1,0,visible,,,taxable,,1,,,,,,,,,0,,,18.95,,,,,,,,BVL-PIZZA-MARGHERITA,,,,,,,Size,"16""",0,0,
66,variable,BVL-PIZZA-MEAT-LOVERS,"Meat Lover's",1,0,visible,"Pepperoni, sausage, bacon & meatballs","Pepperoni, sausage, bacon & meatballs",taxable,,1,,,,,,,,,1,,,,"Stone Oven Baked",,,assets/photos/menu/pizza-meat-lovers.jpg,,,,,,,,,65,Size,"12"" | 16""",1,0,
,variation,BVL-PIZZA-MEAT-LOVERS-12,"Meat Lover's",1,0,visible,,,taxable,,1,,,,,,,,,0,,,14.95,,,,,,,,BVL-PIZZA-MEAT-LOVERS,,,,,,,Size,"12""",0,0,
,variation,BVL-PIZZA-MEAT-LOVERS-16,"Meat Lover's",1,0,visible,,,taxable,,1,,,,,,,,,0,,,22.95,,,,,,,,BVL-PIZZA-MEAT-LOVERS,,,,,,,Size,"16""",0,0,
67,variable,BVL-PIZZA-WHITE-PIE,"White Pie",1,0,visible,"Mozzarella & ricotta cheese","Mozzarella & ricotta cheese",taxable,,1,,,,,,,,,1,,,,"Stone Oven Baked",,,assets/photos/menu/pizza-white-pie.jpg,,,,,,,,,66,Size,"12"" | 16""",1,0,
,variation,BVL-PIZZA-WHITE-PIE-12,"White Pie",1,0,visible,,,taxable,,1,,,,,,,,,0,,,13.95,,,,,,,,BVL-PIZZA-WHITE-PIE,,,,,,,Size,"12""",0,0,
,variation,BVL-PIZZA-WHITE-PIE-16,"White Pie",1,0,visible,,,taxable,,1,,,,,,,,,0,,,18.95,,,,,,,,BVL-PIZZA-WHITE-PIE,,,,,,,Size,"16""",0,0,
68,variable,BVL-PIZZA-CHICKEN-PARM,"Chicken Parmesan",1,0,visible,"Breaded chicken cutlet, pomodoro sauce mozzarella & fresh basil","Breaded chicken cutlet, pomodoro sauce mozzarella & fresh basil",taxable,,1,,,,,,,,,1,,,,"Stone Oven Baked",,,assets/photos/menu/pizza-chicken-parm.jpg,,,,,,,,,67,Size,"12"" | 16""",1,0,
,variation,BVL-PIZZA-CHICKEN-PARM-12,"Chicken Parmesan",1,0,visible,,,taxable,,1,,,,,,,,,0,,,14.95,,,,,,,,BVL-PIZZA-CHICKEN-PARM,,,,,,,Size,"12""",0,0,
,variation,BVL-PIZZA-CHICKEN-PARM-16,"Chicken Parmesan",1,0,visible,,,taxable,,1,,,,,,,,,0,,,21.95,,,,,,,,BVL-PIZZA-CHICKEN-PARM,,,,,,,Size,"16""",0,0,
69,variable,BVL-PIZZA-BBQ-BUFFALO,"BBQ or Buffalo Chicken",1,0,visible,,,taxable,,1,,,,,,,,,1,,,,"Stone Oven Baked",,,assets/photos/menu/pizza-bbq-buffalo.jpg,,,,,,,,,68,Size,"12"" | 16""",1,0,
,variation,BVL-PIZZA-BBQ-BUFFALO-12,"BBQ or Buffalo Chicken",1,0,visible,,,taxable,,1,,,,,,,,,0,,,15.95,,,,,,,,BVL-PIZZA-BBQ-BUFFALO,,,,,,,Size,"12""",0,0,
,variation,BVL-PIZZA-BBQ-BUFFALO-16,"BBQ or Buffalo Chicken",1,0,visible,,,taxable,,1,,,,,,,,,0,,,21.95,,,,,,,,BVL-PIZZA-BBQ-BUFFALO,,,,,,,Size,"16""",0,0,
70,variable,BVL-PIZZA-VEGGIE,"Vegetarian Lover's",1,0,visible,"Peppers, onions, mushrooms & olives","Peppers, onions, mushrooms & olives",taxable,,1,,,,,,,,,1,,,,"Stone Oven Baked",,,assets/photos/menu/pizza-veggie.jpg,,,,,,,,,69,Size,"12"" | 16""",1,0,
,variation,BVL-PIZZA-VEGGIE-12,"Vegetarian Lover's",1,0,visible,,,taxable,,1,,,,,,,,,0,,,12.95,,,,,,,,BVL-PIZZA-VEGGIE,,,,,,,Size,"12""",0,0,
,variation,BVL-PIZZA-VEGGIE-16,"Vegetarian Lover's",1,0,visible,,,taxable,,1,,,,,,,,,0,,,19.95,,,,,,,,BVL-PIZZA-VEGGIE,,,,,,,Size,"16""",0,0,
71,variable,BVL-PIZZA-PHILLY,"Philly Cheesesteak",1,0,visible,"Sautéed beef, onions, peppers, mushrooms & mozzarella cheese topped with American cheese","Sautéed beef, onions, peppers, mushrooms & mozzarella cheese topped with American cheese",taxable,,1,,,,,,,,,1,,,,"Stone Oven Baked",,,assets/photos/menu/pizza-philly.jpg,,,,,,,,,70,Size,"12"" | 16""",1,0,
,variation,BVL-PIZZA-PHILLY-12,"Philly Cheesesteak",1,0,visible,,,taxable,,1,,,,,,,,,0,,,15.95,,,,,,,,BVL-PIZZA-PHILLY,,,,,,,Size,"12""",0,0,
,variation,BVL-PIZZA-PHILLY-16,"Philly Cheesesteak",1,0,visible,,,taxable,,1,,,,,,,,,0,,,23.95,,,,,,,,BVL-PIZZA-PHILLY,,,,,,,Size,"16""",0,0,
72,variable,BVL-PIZZA-BVILLE-SPECIAL,"B'Ville Special",1,0,visible,"Shawarma chicken, lettuce, tomato, onion & parsley with garlic sauce drizzle","Shawarma chicken, lettuce, tomato, onion & parsley with garlic sauce drizzle",taxable,,1,,,,,,,,,1,,,,"Stone Oven Baked",,,assets/photos/menu/pizza-bville-special.jpg,,,,,,,,,71,Size,"12"" | 16""",1,0,
,variation,BVL-PIZZA-BVILLE-SPECIAL-12,"B'Ville Special",1,0,visible,,,taxable,,1,,,,,,,,,0,,,14.95,,,,,,,,BVL-PIZZA-BVILLE-SPECIAL,,,,,,,Size,"12""",0,0,
,variation,BVL-PIZZA-BVILLE-SPECIAL-16,"B'Ville Special",1,0,visible,,,taxable,,1,,,,,,,,,0,,,20.95,,,,,,,,BVL-PIZZA-BVILLE-SPECIAL,,,,,,,Size,"16""",0,0,
73,variable,BVL-PIZZA-THAI-CHILI,"Sesame Thai Chili",1,0,visible,"Thai chili spread topped with sesame chicken, mozzarella and garnished with ranch dressing","Thai chili spread topped with sesame chicken, mozzarella and garnished with ranch dressing",taxable,,1,,,,,,,,,1,,,,"Stone Oven Baked",,,assets/photos/menu/pizza-thai-chili.jpg,,,,,,,,,72,Size,"12"" | 16""",1,0,
,variation,BVL-PIZZA-THAI-CHILI-12,"Sesame Thai Chili",1,0,visible,,,taxable,,1,,,,,,,,,0,,,14.95,,,,,,,,BVL-PIZZA-THAI-CHILI,,,,,,,Size,"12""",0,0,
,variation,BVL-PIZZA-THAI-CHILI-16,"Sesame Thai Chili",1,0,visible,,,taxable,,1,,,,,,,,,0,,,22.95,,,,,,,,BVL-PIZZA-THAI-CHILI,,,,,,,Size,"16""",0,0,
74,variable,BVL-PIZZA-DON-POMODORO,"Don Pomodoro",1,0,visible,"Mozzarella, fresh plum tomatoes, fresh basil garnished with grated pecorino cheese","Mozzarella, fresh plum tomatoes, fresh basil garnished with grated pecorino cheese",taxable,,1,,,,,,,,,1,,,,"Stone Oven Baked",,,assets/photos/menu/pizza-don-pomodoro.jpg,,,,,,,,,73,Size,"12"" | 16""",1,0,
,variation,BVL-PIZZA-DON-POMODORO-12,"Don Pomodoro",1,0,visible,,,taxable,,1,,,,,,,,,0,,,13.95,,,,,,,,BVL-PIZZA-DON-POMODORO,,,,,,,Size,"12""",0,0,
,variation,BVL-PIZZA-DON-POMODORO-16,"Don Pomodoro",1,0,visible,,,taxable,,1,,,,,,,,,0,,,17.95,,,,,,,,BVL-PIZZA-DON-POMODORO,,,,,,,Size,"16""",0,0,
75,variable,BVL-PIZZA-COMBINATION,Combination,1,0,visible,"Pepperoni, sausage, mushroom, onion & peppers","Pepperoni, sausage, mushroom, onion & peppers",taxable,,1,,,,,,,,,1,,,,"Stone Oven Baked",,,assets/photos/menu/pizza-combination.jpg,,,,,,,,,74,Size,"12"" | 16""",1,0,
,variation,BVL-PIZZA-COMBINATION-12,Combination,1,0,visible,,,taxable,,1,,,,,,,,,0,,,14.95,,,,,,,,BVL-PIZZA-COMBINATION,,,,,,,Size,"12""",0,0,
,variation,BVL-PIZZA-COMBINATION-16,Combination,1,0,visible,,,taxable,,1,,,,,,,,,0,,,22.95,,,,,,,,BVL-PIZZA-COMBINATION,,,,,,,Size,"16""",0,0,
76,simple,BVL-PLATTERS-SHRIMP-KABABS,"Char-Grilled Shrimp Kababs",1,0,visible,"Served with house salad","Served with house salad",taxable,,1,,,,,,,,,1,,,17.95,Headlines,,,assets/photos/menu/platters-shrimp-kababs.jpg,,,,,,,,,75
77,simple,BVL-PLATTERS-SALMON,"Norwegian Salmon",1,0,visible,"Fresh, hand-cut, lightly seasoned & grilled salmon served with house salad","Fresh, hand-cut, lightly seasoned & grilled salmon served with house salad",taxable,,1,,,,,,,,,1,,,16.95,Headlines,,,assets/photos/menu/platters-salmon.jpg,,,,,,,,,76
78,simple,BVL-PLATTERS-GYRO,Gyro,1,0,visible,"Sliced fresh lamb served with tzatziki sauce, rice & house salad","Sliced fresh lamb served with tzatziki sauce, rice & house salad",taxable,,1,,,,,,,,,1,,,14.95,Headlines,,,assets/photos/menu/platters-gyro.jpg,,,,,,,,,77
79,simple,BVL-PLATTERS-FALAFEL,"Falafel Platter",1,0,visible,"Ground chick peas, onions, garlic, parsley, & our secret spice blend, served with tahini sauce, rice & house salad","Ground chick peas, onions, garlic, parsley, & our secret spice blend, served with tahini sauce, rice & house salad",taxable,,1,,,,,,,,,1,,,12.95,Headlines,,,assets/photos/menu/platters-falafel.jpg,,,,,,,,,78
80,simple,BVL-PLATTERS-CHICKEN-KABAB,"Chicken Kabab",1,0,visible,"Char-grilled marinated chicken breast served with rice, salad and topped with sautéed onions & peppers","Char-grilled marinated chicken breast served with rice, salad and topped with sautéed onions & peppers",taxable,,1,,,,,,,,,1,,,14.95,Headlines,,,assets/photos/menu/platters-chicken-kabab.jpg,,,,,,,,,79
81,simple,BVL-PLATTERS-CHICKEN-GYRO,"Chicken Gyro",1,0,visible,"Greek-style sliced chicken breast with peppers & onions, served with rice, salad & tzatziki sauce","Greek-style sliced chicken breast with peppers & onions, served with rice, salad & tzatziki sauce",taxable,,1,,,,,,,,,1,,,14.95,Headlines,,,assets/photos/menu/platters-chicken-gyro.jpg,,,,,,,,,80
82,simple,BVL-PLATTERS-SHAWARMA,Shawarma,1,0,visible,"Marinated & thinly sliced chicken breast with sautéed peppers & onions. Served with rice, salad & garlic sauce","Marinated & thinly sliced chicken breast with sautéed peppers & onions. Served with rice, salad & garlic sauce",taxable,,1,,,,,,,,,1,,,14.95,Headlines,,,assets/photos/menu/platters-shawarma.jpg,,,,,,,,,81
83,simple,BVL-PLATTERS-CHICKEN-PARM,"Chicken Parmesan",1,0,visible,"Breaded chicken breast topped with our homemade marinara sauce & mozzarella, served over pasta","Breaded chicken breast topped with our homemade marinara sauce & mozzarella, served over pasta",taxable,,1,,,,,,,,,1,,,15.95,Headlines,,,assets/photos/menu/platters-chicken-parm.jpg,,,,,,,,,82
84,simple,BVL-PLATTERS-QUESADILLA,"Chicken Quesadilla",1,0,visible,"Sautéed marinated chicken with onions & peppers","Sautéed marinated chicken with onions & peppers",taxable,,1,,,,,,,,,1,,,11.95,Headlines,,,assets/photos/menu/platters-quesadilla.jpg,,,,,,,,,83
85,simple,BVL-PLATTERS-SAUSAGE-PEPPERS,"Sausage, Peppers & Onion Parmesan",1,0,visible,,,taxable,,1,,,,,,,,,1,,,12.95,Headlines,,,assets/photos/menu/platters-sausage-peppers.jpg,,,,,,,,,84
86,simple,BVL-PLATTERS-EGGPLANT-PARM,"Eggplant Parmesan",1,0,visible,"Eggplant cutlets, marinara & mozzarella cheese, topped with grated pecorino","Eggplant cutlets, marinara & mozzarella cheese, topped with grated pecorino",taxable,,1,,,,,,,,,1,,,12.95,Headlines,,,assets/photos/menu/platters-eggplant-parm.jpg,,,,,,,,,85
87,simple,BVL-KIDS-GRILLED-CHEESE,"Grilled Cheese",1,0,visible,"Choice of fries or broccoli","Choice of fries or broccoli",taxable,,1,,,,,,,,,1,,,7.95,"Kids Menu",,,assets/photos/menu/kids-grilled-cheese.jpg,,,,,,,,,86
88,simple,BVL-KIDS-TENDERS,"Chicken Tenders",1,0,visible,"Choice of fries or broccoli","Choice of fries or broccoli",taxable,,1,,,,,,,,,1,,,7.95,"Kids Menu",,,assets/photos/menu/kids-tenders.jpg,,,,,,,,,87
89,simple,BVL-KIDS-HOT-DOG,"Hot Dog",1,0,visible,"Choice of fries or broccoli","Choice of fries or broccoli",taxable,,1,,,,,,,,,1,,,7.95,"Kids Menu",,,assets/photos/menu/kids-hot-dog.jpg,,,,,,,,,88
90,simple,BVL-KIDS-MAC-CHEESE,"Mac & Cheese",1,0,visible,"Not served with a side","Not served with a side",taxable,,1,,,,,,,,,1,,,7.95,"Kids Menu",,,assets/photos/menu/kids-mac-cheese.jpg,,,,,,,,,89
91,simple,BVL-KIDS-PASTA,"Pasta with Butter or Marinara",1,0,visible,"Not served with a side","Not served with a side",taxable,,1,,,,,,,,,1,,,7.95,"Kids Menu",,,assets/photos/menu/kids-pasta.jpg,,,,,,,,,90
92,simple,BVL-DESSERTS-GELATO-YOGURT-BERRIES,"Coppa Yogurt & Berries",1,0,visible,"Yogurt gelato swirled together with mixed berry sauce, topped with blueberries and currants","Yogurt gelato swirled together with mixed berry sauce, topped with blueberries and currants",taxable,,1,,,,,,,,,1,,,5.95,"Sweet Endings",,,assets/photos/gelato-yogurt-berries.png,,,,,,,,,91
93,simple,BVL-DESSERTS-GELATO-CREME-BRULEE,"Espresso Creme Brulee",1,0,visible,"Creamy custard flavored with espresso, topped with caramelized sugar","Creamy custard flavored with espresso, topped with caramelized sugar",taxable,,1,,,,,,,,,1,,,5.95,"Sweet Endings",,,assets/photos/gelato-creme-brulee.png,,,,,,,,,92
94,simple,BVL-DESSERTS-GELATO-MASCARPONE,"Coppa Mascarpone",1,0,visible,"A chocolate cream followed by a smooth mascarpone cream, topped with Amaretto cookie crumbs and chocolate curls","A chocolate cream followed by a smooth mascarpone cream, topped with Amaretto cookie crumbs and chocolate curls",taxable,,1,,,,,,,,,1,,,5.95,"Sweet Endings",,,assets/photos/gelato-mascarpone.png,,,,,,,,,93
95,simple,BVL-DESSERTS-GELATO-LIMONCELLO,"Limoncello Flute",1,0,visible,"Refreshing lemon gelato made with lemons from Sicily, swirled together with Limoncello sauce","Refreshing lemon gelato made with lemons from Sicily, swirled together with Limoncello sauce",taxable,,1,,,,,,,,,1,,,5.95,"Sweet Endings",,,assets/photos/gelato-limoncello.png,,,,,,,,,94
96,simple,BVL-DESSERTS-GELATO-HAZELNUT,"Hazelnut Chocolate Flute",1,0,visible,"Smooth hazelnut gelato swirled with rich chocolate sauce presented in a flute glass","Smooth hazelnut gelato swirled with rich chocolate sauce presented in a flute glass",taxable,,1,,,,,,,,,1,,,5.95,"Sweet Endings",,,assets/photos/gelato-hazelnut.png,,,,,,,,,95
97,simple,BVL-DESSERTS-GELATO-SPAGNOLA,"Coppa Spagnola",1,0,visible,"Vanilla and Amarena cherry gelato swirled together, topped with real Amarena cherries","Vanilla and Amarena cherry gelato swirled together, topped with real Amarena cherries",taxable,,1,,,,,,,,,1,,,5.95,"Sweet Endings",,,assets/photos/gelato-spagnola.png,,,,,,,,,96
98,simple,BVL-DESSERTS-GELATO-STRACCIATELLA,"Coppa Stracciatella",1,0,visible,"Chocolate chip gelato swirled together with chocolate syrup, topped with cocoa powder and hazelnuts","Chocolate chip gelato swirled together with chocolate syrup, topped with cocoa powder and hazelnuts",taxable,,1,,,,,,,,,1,,,5.95,"Sweet Endings",,,assets/photos/gelato-stracciatella.png,,,,,,,,,97
99,simple,BVL-DESSERTS-GELATO-PISTACHIO,"Coppa Pistachio",1,0,visible,"Custard gelato swirled with chocolate and pistachio gelato topped with praline pistachios","Custard gelato swirled with chocolate and pistachio gelato topped with praline pistachios",taxable,,1,,,,,,,,,1,,,5.95,"Sweet Endings",,,assets/photos/gelato-pistachio.png,,,,,,,,,98
100,simple,BVL-DESSERTS-GELATO-GUAVA,"Guava Mango Flute",1,0,visible,"Creamy tropical guava gelato swirled with sweet mango sauce","Creamy tropical guava gelato swirled with sweet mango sauce",taxable,,1,,,,,,,,,1,,,5.95,"Sweet Endings",,,assets/photos/gelato-guava.png,,,,,,,,,99
101,simple,BVL-DESSERTS-GELATO-CAFE,"Coppa Cafe",1,0,visible,"Fior di latte gelato with rich coffee and pure cocoa swirl","Fior di latte gelato with rich coffee and pure cocoa swirl",taxable,,1,,,,,,,,,1,,,5.95,"Sweet Endings",,,assets/photos/gelato-cafe.png,,,,,,,,,100
102,simple,BVL-DESSERTS-GELATO-ESPRESSO,"Coppa Catalana",1,0,visible,"Creamy custard topped with caramelized sugar","Creamy custard topped with caramelized sugar",taxable,,1,,,,,,,,,1,,,5.95,"Sweet Endings",,,assets/photos/gelato-espresso.png,,,,,,,,,101
103,simple,BVL-DRINKS-ROBUST-HOUSE-BLEND,"Robust House Blend",1,0,visible,"Dark roast, smooth finish","Dark roast, smooth finish",taxable,,1,,,,,,,,,1,,,2.99,"Cafe Robust",,,assets/photos/coffee.jpg,,,,,,,,,102
104,simple,BVL-DRINKS-ESPRESSO,Espresso,1,0,visible,"Single or double shot","Single or double shot",taxable,,1,,,,,,,,,1,,,2.49,"Cafe Robust",,,assets/photos/coffee.jpg,,,,,,,,,103
105,simple,BVL-DRINKS-CAPPUCCINO,Cappuccino,1,0,visible,"Steamed milk, thick foam","Steamed milk, thick foam",taxable,,1,,,,,,,,,1,,,4.49,"Cafe Robust",,,assets/photos/coffee.jpg,,,,,,,,,104
106,simple,BVL-DRINKS-LATTE,Latte,1,0,visible,"Espresso with steamed milk","Espresso with steamed milk",taxable,,1,,,,,,,,,1,,,4.99,"Cafe Robust",,,assets/photos/coffee.jpg,,,,,,,,,105
107,simple,BVL-DRINKS-COLD-BREW,"Cold Brew",1,0,visible,"Slow-steeped, served over ice","Slow-steeped, served over ice",taxable,,1,,,,,,,,,1,,,4.49,"Cafe Robust",,,assets/photos/coffee.jpg,,,,,,,,,106
108,simple,BVL-DRINKS-SEASONAL-SPECIAL,"Seasonal Special",1,0,visible,"Ask your barista","Ask your barista",taxable,,1,,,,,,,,,1,,,5.49,"Cafe Robust",,,assets/photos/coffee.jpg,,,,,,,,,107
